{"cameraMode":{"drawMode":0,"name":"Shaded","section":"Shading Mode"},"sceneLighting":true,"audioPlay":false,"sceneViewState":{"showFog":true,"showMaterialUpdate":false,"showSkybox":true,"showFlares":true,"showImageEffects":true,"showParticleSystems":true},"in2DMode":false,"pivot":{"x":3.6056997776031496,"y":1.4086880683898926,"z":-0.26999998092651369},"rotation":{"x":0.10433531552553177,"y":0.8818414211273193,"z":-0.23157820105552674,"w":0.3973025381565094},"size":2.2310001850128176,"orthographic":false}